Seller Name,Seller ID,Record
"Brown, Rick",1103024456,My Social Security Number  785-86-2852 and I’m waiting for the registration confirmation. My mail id is rick1@gmail.com
"Lee, Phup  ",1106026572,I’m from china and I’ve already submitted my copy of the passport for identity verification but even though my passport number is E78945612
"Berns, Joye ",1302053333,"I’m from Canada, my Canadian Passport number AE020509"
"Howard, Estelle",1211050782,SSN is 685-62-9895 and email id howard123@gmail.com
"Singh, Nandu ",1307059817,"I’m from mumbai, India. My PAN card number is BNGPR9521H and email id is singh@hotmail.com"
"Hu, Lein",711007713,Chinese Passport number G78541236
"Lihuan, Brandon",1102024115,I’m from china and my Passport number E12341289
"Chopra, Prem",125492020,"I’m Indian ,PAN card number is ANGPL9521P and email id is chopra@hotmail.com"
"Boutwell, Bonalyn",1307060188,SSN number is 121-62-5895 and  mail id is bona231@gmail.com
"Liang, Amy",1201031308,"I’m from china , here is the Passport number E12374125"
"Khan, Jackie",1001495124,PAN card number is ONGPK9529F and email id jack@hotmail.com
"Huang, Jennifer",1112030816,Passport number is E78945612 and credit card number is 2411-8512-9623
"Chavra, Roy",1102024056,PAN no is ZNGPL9521P
"Goble, Taisha",905013738,PAN no is ENGPL9521P and email id tisha@hotmail.com
"Shwan, Henry",1410071156,"I’m from Canada, my Canadian Passport number ZE000509"
"Patel, Jay",1105025718,PAN no is XNGPL9521P and email id is jaypatel@hotmail.com
"Johnson, Noelle ",1003018246,Social Security Number is 555-21-7845
"Murray, Thomas",1406068403,Social Security Number is 555-96-1211
"Luiman, Abraham",110023O6I5,French Passeport number LD746374
"Petrowsky, Thelma",1108O27853,Phone number is 553-965-513
"Roby, Lori ",140E706888F,Phone number is 559-521-845
"Pyane, Iiam",1A03032255,Phone number is 123-521-845
"Ping, Jian",1111030148,I’m from china and my Passport number E78945612
"Sun, Kramer",808010278,I’m from china and my Passport number E58545659
"Zhou, Julia",1110029732,I’m from china and my Passport number G78945612
"Foss, Jason",1192991000,Social Security Number is 115-86-8952 and 7895-5129-5213-8512
"Roup,Simon",1106026933,Social Security Number is 215-66-8852 and 9895-5129-5213-8512
"Ruiz, Ricardo",1001175250,My Social Security Number is 785-86-8952 and I’m waiting for the registration confirmation. My mail id is mia123@gmail.com
"Monroe, Peter",1011022863,115-862-8952 and 7895-5129-5213-8512
"Dougall, Eric",1101023754,Social Security Number is 785-86-8952 and I’m waiting for the registration confirmation. My mail id is erica@gmail.com
"Clayton, Rick",1301052902,115-862-8952 and 7895-5129-5213-8512
"Galia, Lisa",1501072093,My Social Security Number is 785-62-8952 and I’m waiting for the registration confirmation. My mail id is haana@gmail.com
"Lindsay, Leonara ",602000312,115-862-8952 and 7895-5129-5213-8512
"Soto, Julia ",1203032263,I’m from china and my Passport number G18945612
"Bacong, Alejandro ",1212052023,I’m from china and my Passport number G28945612
"Cisco, Anthony",1102024173,I’m from china and my Passport number G38945612
"Dolan, Linda",1101023540,I’m from china and my Passport number G77945612
"Gonzalez, Maria",1988299991,I’m from china and my Passport number G76945612
"Merlos, Carlos",1012023013,I’m from china and my Passport number G11141519
"Xian, Tian",1001956578,I’m from china and my Passport number  G23262428
"Shepard, Lee",906014183,I’m from china and my Passport number  G88956425
"Tredinnick, Neville ",1104025466,I’m from china and my Passport number G69656248
"Turpin, Jumil",1411071506,I’m from china and my Passport number G18945612
"Ait Sidi, Karthikeyan   ",1307060199,I’m from china and my Passport number is G28945611
"Carr, Claudia  N",1010022337,185-862-8952 and mail id is carr@gmail.com
"Favis, Donald  ",1412071562,285-862-8952 and I’m waiting for the registration confirmation. My mail id is favis@gmail.com
"Roehrich, Bianca",1111030266,My Social Security Number is 785-62-8952 and I’m waiting for the registration confirmation. My mail id is bicana@gmail.com
"Daniele, Ann  ",1411071312,699-862-8952 and I’m waiting for the confirmation. My mail id is ann29@gmail.com
"Lajiri,  Jyoti",1108028108,775-862-8952 . My mail id is jyoti@gmail.com